name	count (>0)	mean	median	sum	p25	p75	min	max
NC_001802.1	99	5586.614305472298	967.5713617556596	553074.8162417575	372.03865595152286	2841.031020947582	235.50216715389263	136572.01122602224
